﻿<?xml version="1.0" encoding="utf-8" ?>
<root>
	<!-- Global Errors SubCode! -->
	<Command Name="G_3501">
		<Error SubCode="1">Память ККТ Повреждена!</Error>
		<Error SubCode="2">ККТ в режиме ожидания. Нет открытого чека.</Error>
		<Error SubCode="4">Открыт Фискальный документ.</Error>
		<Error SubCode="8">Открыт Нефискальный документ </Error>
		<Error SubCode="32">Открыт ФД Приход, Возможна операция «Приход»</Error>
		<Error SubCode="64">Открыт ФД Приход, ИТОГ распечатан, НЕТ ОПЛАТЫ</Error>
		<Error SubCode="128">Открыт ФД Приход, ИТОГ распечатан, требуется хотя бы один способ оплаты</Error>
		<Error SubCode="256">Открыт ФД Приход, ИТОГ распечатан, Печатается сдача</Error>
		<Error SubCode="512">Открыт ФД Приход, ИТОГ распечатан, Закрытие чека</Error>
		<Error SubCode="16384">Открыт ФД Приход, Невозможно добавить «Продажу», ИТОГ не напечатан</Error>
	</Command>

	<!-- Commands errors SubCode description -->
	<Command Name="40h">
    <Error SubCode="1">Параметр: Пароль Оператора</Error>
    <Error SubCode="2">Параметр: Флаги команды</Error>
  </Command>
  
  <Command Name="41h">
    <Error SubCode="1">Параметр: Пароль Оператора</Error>
    <Error SubCode="2">Параметр: Флаги команды</Error>
  </Command>

  <Command Name="50h">
    <Error SubCode="1">Параметр: Пароль Оператора</Error>
    <Error SubCode="2">Параметр: Сумма</Error>
  </Command>

  <Command Name="51h">
    <Error SubCode="1">Параметр: Пароль Оператора</Error>
    <Error SubCode="2">Параметр: Сумма</Error>
  </Command>
  
  <Command Name="80h">
    <Error SubCode="1">Параметр: Пароль Оператора</Error>
    <Error SubCode="2">Параметр: Флаг команды</Error>
    <Error SubCode="3">Параметр: тег #1214 (Признак способа расчета)</Error>
    <Error SubCode="4">Параметр: тег #1212 (Признак предмета расчета)</Error>
    <Error SubCode="5">Параметр: тег #1230 (Код страны производителя)</Error>
    <Error SubCode="6">Параметр: тег #1023 (Количество)</Error>
    <Error SubCode="7">Параметр: тег #1079 (Цена)</Error>
    <Error SubCode="8">Параметр: тег #1229 (Акциз)</Error>
    <Error SubCode="9">Параметр: Отдел (Ставка НДС)</Error>
    <Error SubCode="10">Параметр: Тип Скидки/Наценки #1</Error>
    <Error SubCode="11">Параметр: Сумма Скидки/Наценки #1</Error>
    <Error SubCode="12">Параметр: тег #1030 (Предмет расчета)</Error>
    <Error SubCode="13">Параметр: тег #1191 (Дополнительный реквизит предмета расчета)</Error>
    <Error SubCode="14">Параметр: тег #1162 (Код Маркировки)</Error>
    <Error SubCode="15">Параметр: тег #1231 (Номер таможенной декларации)</Error>
    <Error SubCode="16">Параметр: Тип Скидки/Наценки #2</Error>
    <Error SubCode="17">Параметр: Сумма Скидки/Наценки #2</Error>
    <Error SubCode="18">Параметр: Единичная позиция НДС</Error>
    <Error SubCode="1230">Параметр: тег #1230 (Код страны производителя)</Error>
	  <Error SubCode="1212">Параметр: тег #1212 (Признак предмета расчета)</Error>
	  <Error SubCode="1214">Параметр: тег #1214 (Признак способа расчета)</Error>
	  <Error SubCode="1023">Параметр: тег #1023 (Количество)</Error>
	  <Error SubCode="1079">Параметр: тег #1079 (Цена)</Error>
	  <Error SubCode="1229">Параметр: тег #1229 (Акциз)</Error>
	  <Error SubCode="1030">Параметр: тег #1030 (Предмет расчета)</Error>
	  <Error SubCode="1191">Параметр: тег #1191 (Дополнительный реквизит предмета расчета)</Error>
	  <Error SubCode="1162">Параметр: тег #1162 (Код Маркировки)</Error>
	  <Error SubCode="1231">Параметр: тег #1231 (Номер таможенной декларации)</Error>
  </Command>

  <Command Name="81h">
    <Error SubCode="1">Параметр: Пароль Оператора</Error>
    <Error SubCode="2">Параметр: Флаг команды</Error>
    <Error SubCode="3">Параметр: тег #1214 (Признак способа расчета)</Error>
    <Error SubCode="4">Параметр: тег #1212 (Признак предмета расчета)</Error>
    <Error SubCode="5">Параметр: тег #1230 (Код страны производителя)</Error>
    <Error SubCode="6">Параметр: тег #1023 (Количество)</Error>
    <Error SubCode="7">Параметр: тег #1079 (Цена)</Error>
    <Error SubCode="8">Параметр: тег #1229 (Акциз)</Error>
    <Error SubCode="9">Параметр: Отдел (Ставка НДС)</Error>
    <Error SubCode="10">Параметр: Тип Скидки/Наценки #1</Error>
    <Error SubCode="11">Параметр: Сумма Скидки/Наценки #1</Error>
    <Error SubCode="12">Параметр: тег #1030 (Предмет расчета)</Error>
    <Error SubCode="13">Параметр: тег #1191 (Дополнительный реквизит предмета расчета)</Error>
    <Error SubCode="14">Параметр: тег #1162 (Код Маркировки)</Error>
    <Error SubCode="15">Параметр: тег #1231 (Номер таможенной декларации)</Error>
    <Error SubCode="16">Параметр: Тип Скидки/Наценки #2</Error>
    <Error SubCode="17">Параметр: Сумма Скидки/Наценки #2</Error>
    <Error SubCode="18">Параметр: Единичная позиция НДС</Error>
    <Error SubCode="1230">Параметр: тег #1230 (Код страны производителя)</Error>
	  <Error SubCode="1212">Параметр: тег #1212 (Признак предмета расчета)</Error>
	  <Error SubCode="1214">Параметр: тег #1214 (Признак способа расчета)</Error>
	  <Error SubCode="1023">Параметр: тег #1023 (Количество)</Error>
	  <Error SubCode="1079">Параметр: тег #1079 (Цена)</Error>
	  <Error SubCode="1229">Параметр: тег #1229 (Акциз)</Error>
	  <Error SubCode="1030">Параметр: тег #1030 (Предмет расчета)</Error>
	  <Error SubCode="1191">Параметр: тег #1191 (Дополнительный реквизит предмета расчета)</Error>
	  <Error SubCode="1162">Параметр: тег #1162 (Код Маркировки)</Error>
	  <Error SubCode="1231">Параметр: тег #1231 (Номер таможенной декларации)</Error>
  </Command>
  
  <Command Name="82h">
    <Error SubCode="1">Параметр: Пароль Оператора</Error>
    <Error SubCode="2">Параметр: Флаг команды</Error>
    <Error SubCode="3">Параметр: тег #1214 (Признак способа расчета)</Error>
    <Error SubCode="4">Параметр: тег #1212 (Признак предмета расчета)</Error>
    <Error SubCode="5">Параметр: тег #1230 (Код страны производителя)</Error>
    <Error SubCode="6">Параметр: тег #1023 (Количество)</Error>
    <Error SubCode="7">Параметр: тег #1079 (Цена)</Error>
    <Error SubCode="8">Параметр: тег #1229 (Акциз)</Error>
    <Error SubCode="9">Параметр: Отдел (Ставка НДС)</Error>
    <Error SubCode="10">Параметр: Тип Скидки/Наценки #1</Error>
    <Error SubCode="11">Параметр: Сумма Скидки/Наценки #1</Error>
    <Error SubCode="12">Параметр: тег #1030 (Предмет расчета)</Error>
    <Error SubCode="13">Параметр: тег #1191 (Дополнительный реквизит предмета расчета)</Error>
    <Error SubCode="14">Параметр: тег #1162 (Код Маркировки)</Error>
    <Error SubCode="15">Параметр: тег #1231 (Номер таможенной декларации)</Error>
    <Error SubCode="16">Параметр: Тип Скидки/Наценки #2</Error>
    <Error SubCode="17">Параметр: Сумма Скидки/Наценки #2</Error>
    <Error SubCode="18">Параметр: Единичная позиция НДС</Error>
    <Error SubCode="1230">Параметр: тег #1230 (Код страны производителя)</Error>
	  <Error SubCode="1212">Параметр: тег #1212 (Признак предмета расчета)</Error>
	  <Error SubCode="1214">Параметр: тег #1214 (Признак способа расчета)</Error>
	  <Error SubCode="1023">Параметр: тег #1023 (Количество)</Error>
	  <Error SubCode="1079">Параметр: тег #1079 (Цена)</Error>
	  <Error SubCode="1229">Параметр: тег #1229 (Акциз)</Error>
	  <Error SubCode="1030">Параметр: тег #1030 (Предмет расчета)</Error>
	  <Error SubCode="1191">Параметр: тег #1191 (Дополнительный реквизит предмета расчета)</Error>
	  <Error SubCode="1162">Параметр: тег #1162 (Код Маркировки)</Error>
	  <Error SubCode="1231">Параметр: тег #1231 (Номер таможенной декларации)</Error>
  </Command>
  
  <Command Name="83h">
    <Error SubCode="1">Параметр: Пароль Оператора</Error>
    <Error SubCode="2">Параметр: Флаг команды</Error>
    <Error SubCode="3">Параметр: тег #1214 (Признак способа расчета)</Error>
    <Error SubCode="4">Параметр: тег #1212 (Признак предмета расчета)</Error>
    <Error SubCode="5">Параметр: тег #1230 (Код страны производителя)</Error>
    <Error SubCode="6">Параметр: тег #1023 (Количество)</Error>
    <Error SubCode="7">Параметр: тег #1079 (Цена)</Error>
    <Error SubCode="8">Параметр: тег #1229 (Акциз)</Error>
    <Error SubCode="9">Параметр: Отдел (Ставка НДС)</Error>
    <Error SubCode="10">Параметр: Тип Скидки/Наценки #1</Error>
    <Error SubCode="11">Параметр: Сумма Скидки/Наценки #1</Error>
    <Error SubCode="12">Параметр: тег #1030 (Предмет расчета)</Error>
    <Error SubCode="13">Параметр: тег #1191 (Дополнительный реквизит предмета расчета)</Error>
    <Error SubCode="14">Параметр: тег #1162 (Код Маркировки)</Error>
    <Error SubCode="15">Параметр: тег #1231 (Номер таможенной декларации)</Error>
    <Error SubCode="16">Параметр: Тип Скидки/Наценки #2</Error>
    <Error SubCode="17">Параметр: Сумма Скидки/Наценки #2</Error>
    <Error SubCode="18">Параметр: Единичная позиция НДС</Error>
    <Error SubCode="1230">Параметр: тег #1230 (Код страны производителя)</Error>
	  <Error SubCode="1212">Параметр: тег #1212 (Признак предмета расчета)</Error>
	  <Error SubCode="1214">Параметр: тег #1214 (Признак способа расчета)</Error>
	  <Error SubCode="1023">Параметр: тег #1023 (Количество)</Error>
	  <Error SubCode="1079">Параметр: тег #1079 (Цена)</Error>
	  <Error SubCode="1229">Параметр: тег #1229 (Акциз)</Error>
	  <Error SubCode="1030">Параметр: тег #1030 (Предмет расчета)</Error>
	  <Error SubCode="1191">Параметр: тег #1191 (Дополнительный реквизит предмета расчета)</Error>
	  <Error SubCode="1162">Параметр: тег #1162 (Код Маркировки)</Error>
	  <Error SubCode="1231">Параметр: тег #1231 (Номер таможенной декларации)</Error>
  </Command>
  
  <Command Name="84h">
    <Error SubCode="1">Параметр: Пароль Оператора</Error>
    <Error SubCode="2">Параметр: Количество</Error>
	  <Error SubCode="3">Параметр: Цена</Error>
	  <Error SubCode="4">Параметр: Номер отдела</Error>
	  <Error SubCode="5">Параметр: Флаг команды</Error>
	  <Error SubCode="6">Параметр: Текст</Error>
	  <Error SubCode="7">Параметр: Единичная позиция НДС</Error>
  </Command>

  <Command Name="85h">
    <Error SubCode="1">Параметр: Пароль Оператора</Error>
    <Error SubCode="2">Параметр: Флаг команды</Error>
    <Error SubCode="3">Параметр: Сумма Наличные (1)</Error>
    <Error SubCode="4">Параметр: Сумма Безналичные (2)</Error>
    <Error SubCode="5">Параметр: Сумма Аванс (3)</Error>
    <Error SubCode="6">Параметр: Сумма Кредит (4)</Error>
    <Error SubCode="7">Параметр: Сумма прочее (5)</Error>
    <Error SubCode="8">Параметр: тег #1231 (Доп. реквизит чека)</Error>
    <Error SubCode="9">Параметр: тег #1227 (Получатель/Покупатель)</Error>
    <Error SubCode="10">Параметр: тег #1228 (ИНН Получателя/Покупателя)</Error>
    <Error SubCode="11">Параметр: тег #1085 (Наименование дополнительного реквизита пользователя)</Error>
    <Error SubCode="12">Параметр: тег #1086 (Значение дополнительного реквизита пользователя)</Error>
    <Error SubCode="13">Параметр: тег #1009 (Адрес Расчетов)</Error>
    <Error SubCode="14">Параметр: тег #1187 (Место Расчетов)</Error>
    <Error SubCode="15">Параметр: тег #1036 (Номер Автомата)</Error>
    <Error SubCode="16">Параметр: Номер Автомата)</Error>
    <Error SubCode="1231">Параметр: тег #1231 (Доп. реквизит чека)</Error>
	  <Error SubCode="1227">Параметр: тег #1227 (Получатель/Покупатель)</Error>
	  <Error SubCode="1228">Параметр: тег #1228 (ИНН Получателя/Покупателя)</Error>
	  <Error SubCode="1085">Параметр: тег #1085 (Наименование дополнительного реквизита пользователя)</Error>
	  <Error SubCode="1086">Параметр: тег #1086 (Значение дополнительного реквизита пользователя)</Error>
	  <Error SubCode="1009">Параметр: тег #1009 (Адрес Расчетов)</Error>
	  <Error SubCode="1187">Параметр: тег #1187 (Место Расчетов)</Error>
	  <Error SubCode="1036">Параметр: тег #1036 (Номер Автомата)</Error>
  </Command>
  
  <Command Name="8Dh">
    <Error SubCode="1">Параметр: Пароль Оператора</Error>
    <Error SubCode="2">Параметр: Флаги команды</Error>
	  <Error SubCode="3">Параметр: Тип документа</Error>
	  <Error SubCode="4">Параметр: Система нологообложения</Error>
  </Command>
  
  <Command Name="D6h">
    <Error SubCode="1">Параметр: Пароль Оператора</Error>
    <Error SubCode="2">Параметр: Фдаги команды</Error>
	  <Error SubCode="3">Параметр: Тип документа</Error>
	  <Error SubCode="4">Параметр: Система нологообложения</Error>
	  <Error SubCode="5">Параметр: тэг: #1174 (Основание для коррекции)/#1173 (Тип коррекции)</Error>
	  <Error SubCode="6">Параметр: тэг: #1174 (Основание для коррекции)/#1177 (Описание коррекции)</Error>
	  <Error SubCode="7">Параметр: тэг: #1174 (Основание для коррекции)/#1178 (Дата документа основания для коррекции)</Error>
	  <Error SubCode="8">Параметр: тэг: #1174 (Основание для коррекции)/#1179 (Номер документа основания для коррекции)</Error>
	  <Error SubCode="1173">Параметр: тег #1173 (Тип коррекции)</Error>
	  <Error SubCode="1174">Параметр: тег #1174 (Основание для коррекции)</Error>
	  <Error SubCode="1177">Параметр: тег #1177 (Описание коррекции)</Error>
	  <Error SubCode="1178">Параметр: тег #1178 (Дата документа основания для коррекции)</Error>
	  <Error SubCode="1179">Параметр: тег #1179 (Номер документа основания для коррекции)</Error>
  </Command>
  
  <Command Name="D8h">
    <Error SubCode="1">Параметр: Пароль Оператора</Error>
    <Error SubCode="2">Параметр: Идентификатор данных для ОФД</Error>
	  <Error SubCode="3">Параметр: Тип операции</Error>
	  <Error SubCode="4">Параметр: Длинна данных для ОФД</Error>
	  <Error SubCode="5">Параметр: Значение данных для ОФД</Error>
  </Command>
 
  <Command Name="D9h">
    <Error SubCode="1">Параметр: Пароль Оператора</Error>
    <Error SubCode="2">Параметр: Флаги команды</Error>
  </Command> 
  
  <Command Name="DAh">
    <Error SubCode="1">Параметр: Пароль Оператора</Error>
    <Error SubCode="2">Параметр: Флаги открытого документа</Error>
  </Command>
  
  <Command Name="DBh">
    <Error SubCode="1">Параметр: Пароль Оператора</Error>
    <Error SubCode="2">Параметр: Флаги печати текста</Error>
	  <Error SubCode="3">Параметр: Текст</Error>
  </Command>
  
  <Command Name="DFh">
    <Error SubCode="1">Параметр: Пароль Оператора</Error>
    <Error SubCode="2">Параметр: Флаги закрытия документа</Error>
  </Command>
  
  <Command Name="DEh">
    <Error SubCode="1">Параметр: Пароль Оператора</Error>
    <Error SubCode="2">Параметр: Тип библиотеки</Error>
	  <Error SubCode="3">Параметр: Высота</Error>
	  <Error SubCode="4">Параметр: Масштаб</Error>
	  <Error SubCode="5">Параметр: Расположение</Error>
	  <Error SubCode="6">Параметр: Флаги параметров штрих-кода</Error>
	  <Error SubCode="7">Параметр: Текст</Error>
  </Command>
	
  <Command Name="4Bh">
    <Error SubCode="1">Параметр: Пароль Оператора</Error>
    <Error SubCode="2">Некорректный параметр №2</Error>
	  <Error SubCode="3">Параметр: Длина файла</Error>
	  <Error SubCode="4">Параметр: Режим доступа</Error>
	  <Error SubCode="5">Параметр: Имя файла</Error>
  </Command>

  <!-- Command 1D - Registration and Re-registration -->
  <Command Name="1Dh">
    <Error SubCode="1">Параметр: Пароль Оператора</Error>
    <Error SubCode="2">Параметр: Флаги печати</Error>
    <Error SubCode="3">Параметр: Версия ФФД</Error>
    <Error SubCode="4">Параметр: Тип регистрации</Error>
    <Error SubCode="5">Параметр: Причина регистрации</Error>
    <Error SubCode="6">Параметр: Адрес расчетов (#1009)</Error>
    <Error SubCode="7">Параметр: Место расчетов (#1187)</Error>
    <Error SubCode="8">Параметр: Наименование пользователя (#1048)</Error>
    <Error SubCode="9">Параметр: ИНН Пользователя (#1018)</Error>
    <Error SubCode="10">Параметр: РНМ ККТ (#1037)</Error>
    <Error SubCode="11">Параметр: Кассир (#1021)</Error>
    <Error SubCode="12">Параметр: Шифрование (#1056)</Error>
    <Error SubCode="13">Параметр: Автономный режим (#1002)</Error>
    <Error SubCode="14">Параметр: Адрес сайта ФНС (#1060)</Error>
    <Error SubCode="15">Параметр: ОФД (#1046)</Error>
    <Error SubCode="16">Параметр: ИНН ОФД (#1017)</Error>
    <Error SubCode="17">Параметр: e-mail отправителя чека (#1117)</Error>
    <Error SubCode="18">Параметр: Автоматический режим (#1001)</Error>
    <Error SubCode="19">Параметр: Номер автомата (#1036)</Error>
    <Error SubCode="20">Параметр: ККТ для услуг (#1109)</Error>
    <Error SubCode="21">Параметр: АС БСО (#1110)</Error>
    <Error SubCode="22">Параметр: ККТ для Интернет (#1008)</Error>
    <Error SubCode="23">Параметр: Принтер в Автомате (#1221)</Error>
    <Error SubCode="24">Параметр: Подакцизные товары (#1207)</Error>
    <Error SubCode="25">Параметр: Проведение азартной игры (#1193)</Error>
    <Error SubCode="26">Параметр: Проведение лотереи (#1126)</Error>
    <Error SubCode="27">Параметр: Банк. Пл. Агент (#1057 b0)</Error>
    <Error SubCode="28">Параметр: Банк. Пл. Субагент (#1057 b1)</Error>
    <Error SubCode="29">Параметр: Пл. Агент (#1057 b2)</Error>
    <Error SubCode="30">Параметр: Пл. Субагент (#1057 b3)</Error>
    <Error SubCode="31">Параметр: Поверенный (#1057 b4)</Error>
    <Error SubCode="32">Параметр: Комиссионер (#1057 b5)</Error>
    <Error SubCode="33">Параметр: Агент (#1057 b5)</Error>
    <Error SubCode="34">Параметр: ОСН (#1062 b0)</Error>
    <Error SubCode="35">Параметр: УСН Доход (#1062 b1)</Error>
    <Error SubCode="36">Параметр: УСН Доход-Расход (#1062 b2)</Error>
    <Error SubCode="37">ЕНВД запрещена (#1062 b3)</Error>
    <Error SubCode="38">Параметр: ЕСН (#1062 b4)</Error>
    <Error SubCode="39">Параметр: ПАТЕНТ (#1062 b5)</Error>
  </Command>

</root>