﻿<?xml version="1.0" encoding="utf-8"?>
<root>
 <Map Name="CustomRUTestForm" Value="Custom-RU Test Tool">
  <BaseLabel Value="Password Operatore" Name="labelOperatorPassword" />
  <BaseLabel Value="NOT CONNECTED" Name="labelConnectionStatus" />
  <BaseLabel Value="Amount" Name="labelcPrintRecItemHasDiscountAmount" />
  <BaseLabel Value="Text" Name="labelPrintRecItemText" />
  <BaseLabel Value="Quantity" Name="labelPrintRecItemQuantity" />
  <BaseLabel Value="Amount" Name="labelPrintRecItemAmount" />
  <BaseLabel Value="Department" Name="labelPrintRecItemDept" />
  <BaseLabel Value="Document Type" Name="labelOpenCheckDocType" />
  <BaseLabel Value="Tax Type" Name="labelOpenCheckTaxType" />
  <BaseLabel Value="Flag of Payment Subject" Name="labelPrintRecItemFlagOfPaymentSbj" />
  <BaseLabel Value="Way of Payment" Name="labelPrintRecItemWayOfPayment" />
  <BaseLabel Value="Item Type" Name="labelPrintRecItemType" />
  <BaseLabel Value="Payment 1" Name="labelCloseCheckPayment1" />
  <BaseLabel Value="Payment 2" Name="labelCloseCheckPayment2" />
  <BaseLabel Value="Payment 3" Name="labelCloseCheckPayment3" />
  <BaseLabel Value="Reason" Name="labelCheckCorrectionReasonText" />
  <BaseLabel Value="Date" Name="labelCheckCorrectionDate" />
  <BaseLabel Value="Document Number" Name="labelCheckCorrectionDocNumber" />
  <BaseLabel Value="Payment 5" Name="labelCloseCheckPayment5" />
  <BaseLabel Value="Payment 4" Name="labelCloseCheckPayment4" />
  <BaseLabel Value="First Ticket to Print " Name="labelRepeatDocumentFirstTicket" />
  <BaseLabel Value="Last Ticket to Print " Name="labelRepeatDocumentLastTicket" />
  <BaseLabel Value="Data" Name="labelOFDTextDataValue" />
  <BaseLabel Value="Department Row" Name="labelGetStatisticReportDeptRow" />
  <BaseLabel Value="Payment Address" Name="labelRegistrationOpenPaymentAddress" />
  <BaseLabel Value="Place of Payment" Name="labelRegistrationOpenPlaceOfPayment" />
  <BaseLabel Value="User" Name="labelRegistrationOpenUser" />
  <BaseLabel Value="User INN" Name="labelRegistrationOpenUserINN" />
  <BaseLabel Value="Ecr Reg Number" Name="labelRegistrationOpenEcrRegNumber" />
  <BaseLabel Value="Tax Auth Website" Name="labelRegistrationOpenTaxAuthWebsite" />
  <BaseLabel Value="FDO" Name="labelRegistrationOpenFdo" />
  <BaseLabel Value="OFD INN" Name="labelRegistrationOpenOfdInn" />
  <BaseLabel Value="Cashier" Name="labelRegistrationOpenCashier" />
  <BaseLabel Value="Check Sender Email" Name="labelRegistrationOpenCheckSenderEmail" />
  <BaseLabel Value="Automatic Number" Name="labelRegistrationOpenAutomaticNumber" />
  <BaseButton Value="Connect" Name="buttonConnect" />
  <BaseButton Value="Disconnect" Name="buttonDisconnect" />
  <BaseButton Value="Exit" Name="buttonClose" />
  <BaseButton Value="Beep" Name="buttonBeep" />
  <BaseButton Value="Technological Reset" Name="buttonTechnologicalReset" />
  <BaseButton Value="Statistic WITHOUT Clearing" Name="buttonStatisticWithoutClearing" />
  <BaseButton Value="Statistic WITH Clearing" Name="buttonStatisticWithClearing" />
  <BaseButton Value="Open Cash Drawer" Name="buttonOpenCashDrawer" />
  <BaseButton Value="Paper Feed" Name="buttonPaperFeed" />
  <BaseButton Value="Time Programming" Name="buttonTimeProgramming" />
  <BaseButton Value="Date Programming" Name="buttonDateProgramming" />
  <BaseButton Value="Set Departments" Name="buttonSetDept" />
  <BaseButton Value="Set Header Lines" Name="buttonSetHeaderLines" />
  <BaseButton Value="Set Operators" Name="buttonSetOperators" />
  <BaseButton Value="Open Day" Name="buttonOpenDay" />
  <BaseButton Value="Subtotal" Name="buttonSubtotal" />
  <BaseButton Value="Print Rec Item" Name="buttonPrintRecItem" />
  <BaseButton Value="Z Report" Name="buttonZReport" />
  <BaseButton Value="X Report" Name="buttonXReport" />
  <BaseButton Value="Close Check" Name="buttonCloseCheck" />
  <BaseButton Value="Open Check Correction" Name="buttonCheckCorrection" />
  <BaseButton Value="Ticket Cancel" Name="buttonTicketCancel" />
  <BaseButton Value="Repeat Document" Name="buttonRepeatDocument" />
  <BaseButton Value="Send OFD Text Data" Name="buttonSendOFDTextData" />
  <BaseButton Value="Send OFD Agent Data" Name="buttonSendOFDAgentData" />
  <BaseButton Value="FM Status" Name="buttonFMStatus" />
  <BaseButton Value="FM Expiry Date" Name="buttonFMExpiryDate" />
  <BaseButton Value="FM Version" Name="buttonFMVersion" />
  <BaseButton Value="FM OFD Status" Name="buttonFMOFDStatus" />
  <BaseButton Value="FM Get Document by Number" Name="buttonFMGetDocByNumber" />
  <BaseButton Value="FM Get Document ACK from Server" Name="buttonFMGetDocACK" />
  <BaseButton Value="FM Get Document NACK Count" Name="buttonFMGetDocNACKCount" />
  <BaseButton Value="FM Get Fiscal Document" Name="buttonFMGetFiscalDocument" />
  <BaseButton Value="FM Get Fiscal Document TVL" Name="buttonFMGetFiscalDocumentTVL" />
  <BaseButton Value="FM Serial Number" Name="buttonFMSerialNumber" />
  <BaseButton Value="FM Get Fiscalization Totals" Name="buttonFMGetFiscalizationTotals" />
  <BaseButton Value="FM Get Recent Session Params" Name="buttonFMGetRecentSessionParams" />
  <BaseButton Value="FM Get Fiscalization STVL" Name="buttonFMGetFiscalizationSTVL" />
  <BaseButton Value="Receipt Status" Name="buttonGetReceiptStatus" />
  <BaseButton Value="Grand Total Status" Name="buttonGetGrandTotalStatus" />
  <BaseButton Value="Send Test Hardware" Name="buttonTestHardware" />
  <BaseButton Value="Last Receipt Status" Name="buttonLastReceiptStatus" />
  <BaseButton Value="Not Trasmitted Status" Name="buttonGetNotTrasmittedStatus" />
  <BaseButton Value="Day Total Status" Name="buttonGetDayTotalStatus" />
  <BaseButton Value="Ticket Total Status" Name="buttonGetTicketTotalStatus" />
  <BaseButton Value="Printer Info" Name="buttonGetInfo" />
  <BaseButton Value="Printer Status" Name="buttonGetPrinterStatus" />
  <BaseButton Value="Get Date" Name="buttongetDate" />
  <BaseButton Value="Get Report Payment" Name="buttonReportPayment" />
  <BaseButton Value="Get Test Hardware Result" Name="buttonGetTestHardwareResult" />
  <BaseButton Value="Statistic Report" Name="buttonGetStatisticReport" />
  <BaseButton Value="Drawer Counter Status" Name="buttonGetDrawerCounterStatus" />
  <BaseButton Value="Deposit" Name="buttonDeposit" />
  <BaseButton Value="Open not Fiscal Document" Name="buttonOpenNotFiscalDoc" />
  <BaseButton Value="Withdrawal" Name="buttonWithdrawal" />
  <BaseButton Value="Print Text" Name="buttonPrintText" />
  <BaseButton Value="Close not Fiscal Document" Name="buttonCloseNotFiscalDoc" />
  <BaseButton Value="Cut Paper" Name="buttonCutPaper" />
  <BaseButton Value="Registration Open" Name="buttonRegistrationOpen" />
  <BaseButton Value=" Registration Close" Name="buttonRegistrationClose" />
  <BaseCheckBox Value="Confirm Action" Name="checkBoxDateProgramming" />
  <BaseCheckBox Value="Print" Name="checkBoxOpenDayFlag1" />
  <BaseCheckBox Value="Save on File" Name="checkBoxOpenDayFlag2" />
  <BaseCheckBox Value="Print" Name="checkBoxSubtotalFlag1" />
  <BaseCheckBox Value="has Discount or Add-On" Name="checkBoxPrintRecItemHasDiscount" />
  <BaseCheckBox Value="is Add-On" Name="checkBoxPrintRecItemIsAddon" />
  <BaseCheckBox Value="%" Name="checkBoxPrintRecItemIsPerc" />
  <BaseCheckBox Value="has Additional Payment Subject" Name="checkBoxPrintRecItemHasAdditionalProp" />
  <BaseCheckBox Value="has Code of Goods Assortment" Name="checkBoxPrintRecItemHasCodeGoodAss" />
  <BaseCheckBox Value="Print" Name="checkBoxOpenCheckFlag1" />
  <BaseCheckBox Value="Save on FIle" Name="checkBoxOpenCheckFlag2" />
  <BaseCheckBox Value="Save on File" Name="checkBoxZReportFlag2" />
  <BaseCheckBox Value="Print" Name="checkBoxZReportFlag1" />
  <BaseCheckBox Value="Print" Name="checkBoxCheckCorrectionFlag1" />
  <BaseCheckBox Value="Save on File" Name="checkBoxCheckCorrectionFlag2" />
  <BaseCheckBox Value="Additional Property of Check" Name="checkBoxCloseCheckFlag1" />
  <BaseCheckBox Value="Receiver (Purchaser) is present" Name="checkBoxCloseCheckFlag2" />
  <BaseCheckBox Value="Receiver (Purchaser) INN is present" Name="checkBoxCloseCheckFlag3" />
  <BaseCheckBox Value="Bank Paying Agent" Name="checkBoxSendOFDAgentDataFlag0" />
  <BaseCheckBox Value="Bank Paying Subagent" Name="checkBoxSendOFDAgentDataFlag1" />
  <BaseCheckBox Value="Paying Agent" Name="checkBoxSendOFDAgentDataFlag2" />
  <BaseCheckBox Value="Paying Subagent" Name="checkBoxSendOFDAgentDataFlag3" />
  <BaseCheckBox Value="User Bonsidered Attorney" Name="checkBoxSendOFDAgentDataFlag4" />
  <BaseCheckBox Value="User Considered Commission Agent" Name="checkBoxSendOFDAgentDataFlag5" />
  <BaseCheckBox Value="User Considered Other Agent" Name="checkBoxSendOFDAgentDataFlag6" />
  <BaseCheckBox Value="Print" Name="checkBoxReportPaymentFlag1" />
  <BaseCheckBox Value="Save on File" Name="checkBoxReportPaymentFlag2" />
  <BaseCheckBox Value="Double Width" Name="checkBoxPrintTextDoubleWidth" />
  <BaseCheckBox Value="Half Width" Name="checkBoxPrintTextHalfWidth" />
  <BaseCheckBox Value="Double Height" Name="checkBoxPrintTextDoubleHeight" />
  <BaseCheckBox Value="Half Height" Name="checkBoxPrintTextHalfHeight" />
  <BaseCheckBox Value="Border" Name="checkBoxPrintTextBorder" />
  <BaseCheckBox Value="Bold" Name="checkBoxPrintTextBold" />
  <BaseCheckBox Value="Italic" Name="checkBoxPrintTextItalic" />
  <BaseCheckBox Value="Print Cashier" Name="checkBoxOpenNotFiscalDocPrintCashier" />
  <BaseCheckBox Value="Print ECR SN" Name="checkBoxOpenNotFiscalDocPrintSerialNum" />
  <BaseCheckBox Value="Print Header" Name="checkBoxOpenNotFiscalDocPrintHeader" />
  <BaseCheckBox Value="Print Datetime" Name="checkBoxOpenNotFiscalDocPrintDate" />
  <BaseCheckBox Value="Print ECR SN" Name="checkBoxCloseNotFiscalDocPrintSerialNum" />
  <BaseCheckBox Value="Cut Paper" Name="checkBoxCloseNotFiscalDocCutPaper" />
  <BaseCheckBox Value="Bank Agent" Name="checkBoxRegistrationOpenBankAgent" />
  <BaseCheckBox Value="Traditional" Name="checkBoxRegistrationOpenTraditional" />
  <BaseCheckBox Value="Light Income" Name="checkBoxRegistrationOpenLightIncome" />
  <BaseCheckBox Value="LightI ncome No Exp" Name="checkBoxRegistrationOpenLightIncomeNoExp" />
  <BaseCheckBox Value="Single Tax" Name="checkBoxRegistrationOpenSingleTax" />
  <BaseCheckBox Value="Agricultural Tax" Name="checkBoxRegistrationOpenAgriculturalTax" />
  <BaseCheckBox Value="Patent Tax Sys" Name="checkBoxRegistrationOpenPatentTaxSys" />
  <BaseCheckBox Value="Commission Agent" Name="checkBoxRegistrationOpenCommissionAgent" />
  <BaseCheckBox Value="Automatic Mode" Name="checkBoxRegistrationOpenAutomaticMode" />
  <BaseCheckBox Value="Encoding" Name="checkBoxRegistrationOpenEncoding" />
  <BaseCheckBox Value="Agent" Name="checkBoxRegistrationOpenAgent" />
  <BaseCheckBox Value="Print" Name="checkBoxRegistrationCloseFlag1" />
  <BaseCheckBox Value="Save on File" Name="checkBoxRegistrationCloseFlag2" />
  <BaseCheckBox Value="Serv Human Sph" Name="checkBoxRegistrationOpenServHumanSph" />
  <BaseCheckBox Value="Strict Acc Form" Name="checkBoxRegistrationOpenStrictAccForm" />
  <BaseCheckBox Value="WM05" Name="checkBoxRegistrationOpenWm05" />
  <BaseCheckBox Value="Use in Auto Dev" Name="checkBoxRegistrationOpenUseInAutoDev" />
  <BaseCheckBox Value="Exisable Goods Selling" Name="checkBoxRegistrationOpenExisableGoodsSelling" />
  <BaseCheckBox Value="Gambling" Name="checkBoxRegistrationOpenGambling" />
  <BaseCheckBox Value="Lottery" Name="checkBoxRegistrationOpenLottery" />
  <BaseCheckBox Value="Attorney" Name="checkBoxRegistrationOpenAttorney" />
  <BaseCheckBox Value="Paying Sub Agent" Name="checkBoxRegistrationOpenPayingSubAgent" />
  <BaseCheckBox Value="Paying Agent" Name="checkBoxRegistrationOpenPayingAgent" />
  <BaseCheckBox Value="Bank Sub Agent" Name="checkBoxRegistrationOpenBankSubAgent" />
  <BaseCheckBox Value="Offline Mode" Name="checkBoxRegistrationOpenOfflineMode" />
  <BaseTabPage Value="Miscellaneous" Name="tabMiscellaneous" />
  <BaseTabPage Value="Fiscal 1" Name="tabFiscal1" />
  <BaseTabPage Value="Fiscal 2" Name="tabFiscal2" />
  <BaseTabPage Value="Fiscal 3" Name="tabFiscal3" />
  <BaseTabPage Value="Fiscal Memory 1" Name="tabFiscalMemory1" />
  <BaseTabPage Value="Status" Name="tabStatus" />
  <BaseTabPage Value="Not Fiscal" Name="tabNotFiscal" />
  <BaseTabPage Value="Fiscalization" Name="tabFiscalization" />
  </Map>
  <Map Name="DeptTableForm" Value="Department">
    <BaseLabel Value="Department Table Length" Name="labelTableLength" />
    <BaseButton Value="Exit" Name="buttonExit" />
    <BaseButton Value="Refresh" Name="buttonRefresh" />
  </Map>
  <Map Name="HeaderForm" Value="Header">
    <BaseLabel Value="Header Table Length" Name="labelTableLength" />
    <BaseButton Value="Exit" Name="buttonExit" />
    <BaseButton Value="Refresh" Name="buttonRefresh" />
    <BaseButton Value="Update" Name="buttonUpdate" />
  </Map>
  <Map Name="OperatorTableForm" Value="Operator">
    <BaseLabel Value="Operator Table Length" Name="labelTableLength" />
    <BaseButton Value="Exit" Name="buttonExit" />
    <BaseButton Value="Refresh" Name="buttonRefresh" />
  </Map>
  <Map Name="PrinterParamsForm" Value="Printer Params">
    <BaseLabel Value="Print Energy" Name="labelPrintEnergy" />
    <BaseLabel Value="Printer Speed" Name="labelPrinterSpeed" />
    <BaseLabel Value="Bottom Line Feed" Name="labelBottomLineFeed" />
    <BaseLabel Value="Interline Compression" Name="labelInterlineCompression" />
    <BaseButton Value="Exit" Name="buttonExit" />
    <BaseButton Value="Refresh" Name="buttonRefresh" />
    <BaseButton Value="Update" Name="buttonUpdate" />
    <BaseCheckBox Value="Cutter Enabled" Name="checkBoxCutterEnabled" />
    <BaseCheckBox Value="Suppress sale line if needed" Name="checkBoxBit0" />
    <BaseCheckBox Value="Always suppress sale line number" Name="checkBoxBit1" />
    <BaseCheckBox Value="No tag Supplier name, #1231" Name="checkBoxBit15" />
    <BaseCheckBox Value="No tag Additional property of check, #1192" Name="checkBoxBit14" />
    <BaseCheckBox Value="No tag Supplier name, #1229" Name="checkBoxBit13" />
    <BaseCheckBox Value="No tag Supplier name, #1226" Name="checkBoxBit12" />
    <BaseCheckBox Value="No tag Supplier data, #1224" Name="checkBoxBit11" />
    <BaseCheckBox Value="No tag Agent data, #1223" Name="checkBoxBit10" />
    <BaseCheckBox Value="No tag Flag of agent by payment subject, #1222" Name="checkBoxBit9" />
    <BaseCheckBox Value="No tag Additional property of payment subject, #1191" Name="checkBoxBit8" />
    <BaseCheckBox Value="No tag Code of goods assortment, #1162" Name="checkBoxBit7" />
    <BaseCheckBox Value="No tag Way of payment flag, #1214" Name="checkBoxBit6" />
    <BaseCheckBox Value="No tag Payment subject flag, #1212" Name="checkBoxBit5" />
    <BaseCheckBox Value="Compact sale line (No Department)" Name="checkBoxBit4" />
    <BaseCheckBox Value="QRCode mixed with data" Name="checkBoxBit3" />
    <BaseCheckBox Value="Suppress fiscal logo printing" Name="checkBoxBit2" />
  </Map>

  <String Name="FarmImage">LogoItRetail.bmp</String>

  <String Name="TitleError">Error</String>
  <String Name="TitleWarning">Attention</String>
  <String Name="TitleInfo">Information</String>
  <String Name="ConfirmDeleteMsg">Do you want to confirm to DELETE current item?</String>
  <String Name="ConfirmDeleteAllMsg">Do you want to confirm to DELETE all items?</String>
  <String Name="ConfirmDeleteTitle">Cancellation Confirmation</String>
  <String Name="FileDialogDBFilter">Project Files|*.xml</String>
  <String Name="FileDialogDBTitle">Select File from Database</String>
  <String Name="FileDialogCsvFilter">Files csv|*.csv</String>
  <String Name="FileDialogCsvTitle">Select File csv</String>
  <String Name="ComType">Comunication: {0}</String>
  <String Name="EncodingType">Encoding: {0}</String>
  <String Name="SourceType">Data Source: {0}</String>
  <String Name="TimeoutHeaderRS232">Error Timeout Serial Port. Check the connection or related parameters.</String>
  <String Name="TimeoutHFooterRS232">Timeout error Serial Port during the read of the FOOTER.</String>
  <String Name="TimeoutHeaderEth">Error Timeout Ethernet Port. Check the connection or related parameters.</String>
  <String Name="TimeoutHFooterEth">Timeout error Ethernet Port during the read of the FOOTER.</String>
  <String Name="MachineDifferent">Protocol Version or Printer Type incorrect</String>
  <String Name="KeyboardDifferent">Keyboard dimensions incorrect</String>
  <String Name="ForceKeyboardDifferent">Destination Keyboard dimensions incorrect: Do you want to force to save?</String>
  <String Name="ImageSizeError">Image dimensions incorrect</String>
  <String Name="ImageFormatError">Image Format not supported</String>
  <String Name="UserLevel">{0}</String>
  <String Name="CONNECTED">CONNECTED</String>
  <String Name="NOTCONNECTED">NOT CONNECTED</String>
  <String Name="ConfirmOperationTitle">Confirm request</String>
  <String Name="ConfirmOperationMessage">Confirm the command?</String>
  <String Name="ConfirmFMCloseMessage">Confirm closing FM? After confirmation FM will be closed!</String>
  <String Name="ConfirmRestartTitle">Restart Program to apply changes!</String>
  <String Name="ConfirmRestartMessage">Restart Program now?</String>
  <String Name="DefaultTIN1">1111111117</String>
  <String Name="DefaultTIN2">2222222223</String>
  <String Name="DefaultPhone1">+7001</String>
  <String Name="DefaultPhone2">+7002</String>
  <String Name="DefaultPhone3">+7003</String>
  <String Name="DefaultPhone4">+7004</String>
  
  <String Name="E_GENERIC_ERROR">Generic Error</String>
  <String Name="E_SUCCESS">Operation complete with success</String>
  <String Name="E_BCC_ERROR">BCC Signature Error</String>
  <String Name="E_INVALID_PARAM">Invalid parameter ID</String>
  <String Name="E_INVALID_VALUE">Invalid parameter Value</String>
  <String Name="E_COMMAND_NOT_SUPPORTED">Command not supported</String>
  <String Name="E_WRONG_PARAM_NUMBER">Parameters number error</String>
  <String Name="E_ZEROSET_REQUIRED">Z Closing Needed</String>
  <String Name="E_FILE_ERROR">Error during the saving</String>
  <String Name="SERIAL_DONE">Write ECR Serial Number done!</String>
  <String Name="LOAD_DATA_OK">Read ECR data done!</String>
  <String Name="E_NO_XML_LOADED">No opened XML-file</String>
  <String Name="E_NO_SELECTED_PARAMS">No parameters selected!</String>
  <String Name="A_CONFIRM_UPDATE_PARAM">Attention!&#13;&#10;The FW version in the xml file is different from the ECR FW version!.&#13;&#10;There may be errors when saving the settings.&#13;&#10;Continue?</String>
  <String Name="E_MODELS_NOT_MATCH">ECR models do not match!&#13;&#10;Updating settings is not possible!</String>
  <String Name="E_INCORRECT_PARAMS">Incorrect parameters selected!</String>
  <String Name="E_INCORRECT_FORMAT">Incorrect format</String>
  <String Name="IGNORED">Params Ignored</String>
  <String Name="E_UNSUPPORTED">Skipped. Parameters are not supported.</String>
  <String Name="E_COMLETE">Operation complete!</String>
  <String Name="E_SAVE_LOGO">Save Logo Error!</String>
  <String Name="E_READ_ECR_DATA">Error reading from printer. Check data in Log Window</String>
  <String Name="UPDATE_OK">Сохранено!</String>
  <String Name="E_CONNECTION_ERROR">Connection Error. Check connection settings!</String>
  <String Name="E_INCORRECT_PASSWORD">Incorrect password!</String>
  <String Name="FM_NOT_CONNECTED">Nо FM Found</String>
  <String Name="E_INCORRECT_SYMBOL">Incorrect Symbol</String>
  <String Name="E_INCORRECT_STRING">In String</String>
  <String Name="ECR_UNREGISTERED">ECR Not Registered</String>
  <String Name="LoadFileOk">Loading from file OK</String>
  <String Name="LoadFileError">Error loading from file</String>
  <String Name="Check_Settings">Please check your registration parameters!</String>
  
  <String Name="False">False</String>
  <String Name="True">True</String>
  <String Name="CoverOpen">Cover Open</String>

  <String Name="PaperPresent">Paper Present</String>
  <String Name="PaperNearEnd">Paper Near End</String>
  <String Name="CutterError">Cutter Error</String>
  <String Name="VirtualPaperNearEnd">Virtual Paper Near End</String>
  <String Name="DayOpen">Day Open</String>
  <String Name="DateNotSet">Date Not Set</String>
  <String Name="ResetNeeded">Reset Needed</String>
  <String Name="HWInitJumperOn">HW Init Jumper On</String>
  <String Name="Serialized">Serialized</String>
  <String Name="PrinterIdle">Printer Idle</String>
  <String Name="Printing">Printing</String>
  <String Name="PrinterError">Printer Error</String>
  <String Name="FWUpdateWaiting">FW Update Waiting</String>
  <String Name="PaperJam">Paper Jam</String>
  <String Name="TicketOut">Ticket Out</String>

  <String Name="PROGRESS_STEP">Step: </String>
  <String Name="DefaultSveltaCashier">CASHIER01</String>
  <String Name="DefaultSveltaDescription">Ticket_Descrtiption</String>

  <!-- enum PaymentWayEnum-->
  <String Name="PaymentWayEnum_0">None</String>
  <String Name="PaymentWayEnum_1">Complete Before hand</String>
  <String Name="PaymentWayEnum_2">Partial Before hand</String>
  <String Name="PaymentWayEnum_3">Advance</String>
  <String Name="PaymentWayEnum_4">Complete Payment</String>
  <String Name="PaymentWayEnum_5">Partial Payment</String>
  <String Name="PaymentWayEnum_6">Transmission Payment Subject</String>
  <String Name="PaymentWayEnum_7">Payment Of Credit</String>
  
  <!-- enum BarcodePositionEnum -->
  <String Name ="Left">слева</String>
  <String Name ="Center">по центру</String>
  <String Name ="Right">справа</String>

  <!-- enum CorrectionReceiptTypeEnum -->
  <String Name ="Sale">Sale</String>
  <String Name ="SaleReturn">Sale Return</String>
  <String Name ="Purchase">Purchase</String>
  <String Name ="PurchaseReturn">Purchase Return</String>

  <!-- enumCorrectionTypeEnum -->
  <String Name ="Indipendent">Indipendent</String>
  <String Name ="Prescription">Prescription</String>

  <!-- enum FMOperationTypeEnum -->
  <String Name ="SalesCheck">Sale</String>
  <String Name ="ReturnSalesCheck">Sale Return</String>
  <String Name ="PurchasesCheck">Purchase</String>
  <String Name ="ReturnPurchasesCheck">Purchase Return</String>

  <!-- enum OFDDataTypeEnum -->
  <String Name ="DeleteALL">Delete ALL</String>
  <String Name ="MoneyTransferOperatorAddress">Money Transfer Operator Address</String>
  <String Name ="PurchaserPhonOreEmailAddress">Purchaser Phone Or Email Address</String>
  <String Name ="MoneyTransferOperatorTIN">Money Transfer Operator TIN</String>
  <String Name ="MoneyTransferOperatorName">Money Transfer Operator Name</String>
  <String Name ="PayingAgentOperation">Paying Agent Operation</String>
  <String Name ="FlagOfAgent">Flag Of Agent</String>
  <String Name ="PayingAgentPhone">Paying Agent Phone</String>
  <String Name ="PaymentsReceivingOperatorPhone">Payments Receiving Operator Phone</String>
  <String Name ="MoneyTransferOperatorPhone">Money Transfer Operator Phone</String>
  <String Name ="SupplierPhone">Supplier Phone</String>
  <String Name ="FlagOfAgentPaymentSubject">Flag Of Agent Payment Subject</String>
  <String Name ="SupplierName">Supplier Name</String>
  <String Name ="SupplierTIN">Supplier TIN</String>

  <!-- enum PaymentSubjectEnum -->
  <String Name ="None">None</String>
  <String Name ="GoodsForSelling">Goods For Selling</String>
  <String Name ="ExcisableGoods">Excisable Goods</String>
  <String Name ="WorksPerformed">Works Performed</String>
  <String Name ="RenderedServices">Rendered Services</String>
  <String Name ="BetsAtGambling">Bets At Gambling</String>
  <String Name ="PrizesAtGambling">Prizes At Gambling</String>
  <String Name ="PaymentsForLottery">Payments For Lottery</String>
  <String Name ="PrizesAtLottery">Prizes At Lottery</String>
  <String Name ="RightForIntellectualAactivities">Right For Intellectual Aactivities</String>
  <String Name ="AdvanceOrDeposit">Advance Or Deposit</String>
  <String Name ="Agent">Agent's reward</String>
  <String Name ="CompositeSubjectOfCalculation">Composite Subject Of Calculation</String>
  <String Name ="OtherSubjectOfCalculation">Other Subject Of Calculation</String>
  <String Name ="PropertyRights">Property Rights</String>
  <String Name ="NonsalesIncome">Nonsales Income</String>
  <String Name ="InsuranceContributions">Insurance Contributions</String>
  <String Name ="TradeFee">Trade Fee</String>
  <String Name ="ResortFee">Resort Fee</String>
  <String Name ="Pledge">Pledge</String>
  <String Name ="Expense">Expense</String>
  <String Name ="ContributionsToOpsIP">Contributions to OPS IP</String>
  <String Name ="ContributionsToOps">Contributions to OPS</String>
  <String Name ="ContributionsToOmsIP">Contributions to OMS IP</String>
  <String Name ="ContributionsToOms">Contributions to OMS</String>
  <String Name ="ContributionsToOss">Contributions to OSS</String>
  <String Name ="CasinoPayment">Casino Payment</String>

  <!-- enum ReceiptItemTypeEnum -->
  <String Name ="Sale">Sale</String>
  <String Name ="SaleReturn">Sale Return</String>
  <String Name ="Purchase">Purchase</String>
  <String Name ="PurchaseReturn">Purchase Return</String>

  <!-- enum ReceiptTypeEnum -->
  <String Name ="Sale">Sale</String>
  <String Name ="SaleReturn">Sale Return</String>
  <String Name ="Purchase">Purchase</String>
  <String Name ="PurchaseReturn">Purchase Return</String>

  <!-- enum FFDVersionEnum -->
  <String Name ="FFD105">FFD 1.05</String>
  <String Name ="FFD110">FFD 1.10</String>

  <!-- enum RegistrationTypeEnum -->
  <String Name ="First">First</String>
  <String Name ="ChangeAll">Change FM</String>
  <String Name ="ChangeParam">Change Param</String>

  <!-- enum RegistrationReasonEnum -->
  <String Name ="FMSubstitution">FM Substitution</String>
  <String Name ="OFDSubstitution">OFD Substitution</String>
  <String Name ="UserDetailsChange">User Details Change</String>
  <String Name ="ECRSettingsChange">ECR Settings Change</String>

  <!-- enum RepeatDocumentEnum -->
  <String Name ="LastFiscalDocument">Last Fiscal Document</String>
  <String Name ="ShortReport">Short Report</String>
  <String Name ="FullReport">Full Report</String>
  <String Name ="TransmissionReport">Transmission Report</String>
  <String Name ="Registration">Registration</String>
  <String Name ="FMStatus">FM Status</String>
  <String Name ="OFDStatus">OFD Status</String>

  <!-- enum SveltaTag1000Enum -->
  <String Name ="Sale">Sale</String>
  <String Name ="Correction">Correction</String>

  <!-- enum SveltaTag1054Enum -->
  <String Name ="Sale">Sale</String>
  <String Name ="SaleReturn">Sale Return</String>
  <String Name ="Purchase">Purchase</String>
  <String Name ="PurchaseReturn">Purchase Return</String>

  <!-- enum SveltaTag1199Enum -->
  <String Name ="VAT_20">VAT 20%</String>
  <String Name ="VAT_10">VAT 10%</String>
  <String Name ="VAT_20_120">VAT 20/120%</String>
  <String Name ="VAT_10_110">VAT 10/110%</String>
  <String Name ="VAT_0">VAT 0</String>
  <String Name ="VAT_EXEMPT">VAT EXEMPT</String>

  <!-- enum SveltaTag1212Enum -->
  <String Name ="None">None</String>
  <String Name ="GoodsForSelling">Goods For Selling</String>
  <String Name ="ExcisableGoods">Excisable Goods</String>
  <String Name ="WorksPerformed">Works Performed</String>
  <String Name ="RenderedServices">Rendered Services</String>
  <String Name ="BetsAtGambling">Bets At Gambling</String>
  <String Name ="PrizesAtGambling">Prizes At Gambling</String>
  <String Name ="PaymentsForLottery">Payments For Lottery</String>
  <String Name ="PrizesAtLottery">Prizes At Lottery</String>
  <String Name ="RightForIntellectualAactivities">Right For Intellectual Aactivities</String>
  <String Name ="AdvanceOrDeposit">Advance Or Deposit</String>
  <String Name ="Agent">Agent's reward</String>
  <String Name ="CompositeSubjectOfCalculation">Composite Subject Of Calculation</String>
  <String Name ="OtherSubjectOfCalculation">Other Subject Of Calculation</String>
  <String Name ="PropertyRights">Property Rights</String>
  <String Name ="NonsalesIncome">Nonsales Income</String>
  <String Name ="InsuranceContributions">Insurance Contributions</String>
  <String Name ="TradeFee">Trade Fee</String>
  <String Name ="ResortFee">Resort Fee</String>
  <String Name ="Pledge">Pledge</String>
  <String Name ="Expense">Expense</String>
  <String Name ="ContributionsToOpsIP">Contributions to OPS IP</String>
  <String Name ="ContributionsToOps">Contributions to OPS</String>
  <String Name ="ContributionsToOmsIP">Contributions to OMS IP</String>
  <String Name ="ContributionsToOms">Contributions to OMS</String>
  <String Name ="ContributionsToOss">Contributions to OSS</String>
  <String Name ="CasinoPayment">Casino Payment</String>

  <!-- enum SveltaTag1214Enum -->
  <String Name="None">None</String>
  <String Name="CompleteBeforehand">Complete Before hand</String>
  <String Name="PartialBeforehand">Partial Before hand</String>
  <String Name="Advance">Advance</String>
  <String Name="CompletePayment">Complete Payment</String>
  <String Name="PartialPayment">Partial Payment</String>
  <String Name="TransmissionPaymentSubject">Transmission Payment Subject</String>
  <String Name="PaymentOfCredit">Payment Of Credit</String>

  <!-- enum TaxCodeEnum -->
  <String Name="AutomaticMode">Automatic Mode</String>
  <String Name="Traditional">Traditional</String>
  <String Name="LightIncome">Light Income</String>
  <String Name="LightIncomeNoExpenses">Light Income No Expenses</String>
  <String Name="SingleTax">Single Tax</String>
  <String Name="AgriculturalTax">Agricultural Tax</String>
  <String Name="PatentTaxSystem">Patent Tax System</String>

  <!-- enum StatisticReportEnum -->
  <String Name="DepartmentDay">Department Day</String>
  <String Name="DepartmentPeriod">Department Period</String>
  <String Name="VAT">VAT</String>
  <String Name="GeneralInfo">General Info</String>
  <String Name="GeneralInfoExtended">GeneralInfo Extended</String>

  <!-- enum TestTypeEnum -->
  <String Name="Display">Display</String>
  <String Name="Printer_1">Printer #1</String>
  <String Name="PrinterRoll">Printer Roll</String>
  <String Name="Printer_2">Printer #2</String>
  <String Name="PrinterSpeed">Printer Speed</String>
  
  <!-- enum FontSizeEnum -->
  <String Name="DefaultSize">Default</String>
  <String Name="Size01">Size 1</String>
  <String Name="Size02">Size 2</String>
  <String Name="Size03">Size 3</String>
  <String Name="Size04">Size 4</String>
  <String Name="Size05">Size 5</String>
  
  <!-- enum CodeOfGoodsEnum -->
  <String Name="furs">Furs</String>
  <String Name="medicines">Medicines</String>
  <String Name="tobacco">Tobacco</String>
  <String Name="shoes">Shoes</String>
  <String Name="row_data">ROW Data from Scanner</String>
  <String Name="ofd_data">Data in OFD format</String>

  <!-- enum PaperMissingEnum -->
  <String Name="NoAnswerAtAll">No answer at all</String>
  <String Name="AtEndOfOperation">At end of operation</String>
  <String Name="OnlyPaperMissing">Only paper missing</String>
  <String Name="CyclePaperMissing">Cycle paper missing</String>

  <!-- enum FMInfoEnum -->
  <String Name="FMStatus">FM Status</String>
  <String Name="Registration">Registration</String>
  <String Name="OFDStatus">OFD Status</String>

  <!-- enum TransmissionReportEnum -->
  <String Name="TransmissionReport">Transmission Report</String>

  <!-- enum LastFiscalDocumentEnum -->
  <String Name="ShortReport">Short Report</String>
  <String Name="FullReport">Full Report</String>

  <!-- enum ModeOfPrintEnum -->
  <String Name="PrintNumberwithLineLimited">Print Item Number, Line Limited to 53</String>
  <String Name="PrintNumberIfPossible">Print Item Number If Possible</String>
  <String Name="NeverPrintNumber">Never Print Item Number</String>
  <String Name="AlwaysPrintNumber">Always Print Item Number</String>

  <!-- enum RoundingEnum -->
  <String Name="NoRounding">No Rounding</String>
  <String Name="CashlessRounding">Cashless Rounding</String>
  <String Name="AdvanceRounding">Advance Rounding</String>
  <String Name="CreditRounding">Credit Rounding</String>
  <String Name="OtherRounding">Other Rounding</String>

  <!-- enum DirectoryConfigurationEnum -->
  <String Name="MaximumSpeed">Maximum Speed</String>
  <String Name="HighSpeed">High Speed</String>
  <String Name="LowSpeed">Low Speed</String>
  <String Name="MinimumSpeed">Minimum Speed</String>

  <!-- enum FilenameConfigurationEnum -->
  <String Name="Document">Document №</String>
  <String Name="Type_Document">Type + Document №</String>
  <String Name="Session_Document">Session + Document №</String>
  <String Name="Session_Type_Document">Session + Type + Document №</String>

  <!-- enum FilenameExtensionEnum -->
  <String Name="TXT">TXT</String>

  <!-- enum FontTypeEnum -->
  <String Name="Auto">Auto</String>
  <String Name="Font1">Font 1</String>
  <String Name="Font2">Font 2</String>
  <String Name="Font3">Font 3</String>
  <String Name="Font4">Font 4</String>
  <String Name="Font5">Font 5</String>

  <!-- enum TK302UsbClassEnum -->
  <String Name="Printer">Printer</String>
  <String Name="SingleCOM">Single Virtual COM</String>
  <String Name="DoubleCOM">Double Virtual COM</String>
  <String Name="MassStorage">Mass Storage</String>

  <!-- enum ServerChannelEnum -->
  <String Name="Disabled">Disabled</String>
  <String Name="OFDChannel">OFD Channel</String>
  <String Name="FileOnly">File Only</String>

  <!-- enum ServerTimeZoneEnum -->
  <String Name="UTC2">КАЛИНИНГРАДСКОЕ ВРЕМЯ UTC+2</String>
  <String Name="UTC3">МОСКОВСКОЕ ВРЕМЯ UTC+3</String>
  <String Name="UTC4">САМАРСКОЕ ВРЕМЯ UTC+4</String>
  <String Name="UTC5">ЕКАТЕРИНБУРГСКОЕ ВРЕМЯ UTC+5</String>
  <String Name="UTC6">ОМСКОЕ ВРЕМЯ UTC+6</String>
  <String Name="UTC7">КРАСНОЯРСКОЕ ВРЕМЯ UTC+7</String>
  <String Name="UTC8">ИРКУТСКОЕ ВРЕМЯ UTC+8</String>
  <String Name="UTC9">ЯКУТСКОЕ ВРЕМЯ UTC+9</String>
  <String Name="UTC10">ВЛАДИВОСТОКСКОЕ ВРЕМЯ UTC+10</String>
  <String Name="UTC11">МАГАДАНСКОЕ ВРЕМЯ UTC+11</String>
  <String Name="UTC12">КАМЧАТСКОЕ ВРЕМЯ UTC+12</String>

  <!-- enum ServerOperationEnum -->
  <String Name="NoOperation">No Operation</String>
  <String Name="DeleteRamLog">Delete Ram Log</String>
  <String Name="DeleteActions">Delete Actions</String>
   
</root>